<xml xmlns:o="urn:schemas-microsoft-com:office:office">
 <o:MainFile HRef="../MathTools.htm"/>
 <o:File HRef="preview.wmf"/>
 <o:File HRef="editdata.mso"/>
 <o:File HRef="image001.png"/>
 <o:File HRef="image002.jpg"/>
 <o:File HRef="image003.png"/>
 <o:File HRef="image004.jpg"/>
 <o:File HRef="image005.png"/>
 <o:File HRef="image006.jpg"/>
 <o:File HRef="image007.png"/>
 <o:File HRef="image008.jpg"/>
 <o:File HRef="image009.png"/>
 <o:File HRef="image010.jpg"/>
 <o:File HRef="image011.png"/>
 <o:File HRef="image012.jpg"/>
 <o:File HRef="image013.png"/>
 <o:File HRef="image014.jpg"/>
 <o:File HRef="image015.png"/>
 <o:File HRef="image016.jpg"/>
 <o:File HRef="image017.png"/>
 <o:File HRef="image018.jpg"/>
 <o:File HRef="image019.png"/>
 <o:File HRef="image020.jpg"/>
 <o:File HRef="image021.png"/>
 <o:File HRef="image022.jpg"/>
 <o:File HRef="image023.png"/>
 <o:File HRef="image024.jpg"/>
 <o:File HRef="image025.png"/>
 <o:File HRef="image026.jpg"/>
 <o:File HRef="image027.wmz"/>
 <o:File HRef="image028.gif"/>
 <o:File HRef="oledata.mso"/>
 <o:File HRef="image029.png"/>
 <o:File HRef="image030.jpg"/>
 <o:File HRef="image031.gif"/>
 <o:File HRef="image032.wmz"/>
 <o:File HRef="image033.gif"/>
 <o:File HRef="image034.wmz"/>
 <o:File HRef="image035.gif"/>
 <o:File HRef="image036.wmz"/>
 <o:File HRef="image037.gif"/>
 <o:File HRef="image038.wmz"/>
 <o:File HRef="image039.gif"/>
 <o:File HRef="image040.wmz"/>
 <o:File HRef="image041.gif"/>
 <o:File HRef="image042.wmz"/>
 <o:File HRef="image043.gif"/>
 <o:File HRef="image044.wmz"/>
 <o:File HRef="image045.gif"/>
 <o:File HRef="image046.gif"/>
 <o:File HRef="image047.jpg"/>
 <o:File HRef="image048.wmz"/>
 <o:File HRef="image049.gif"/>
 <o:File HRef="image050.png"/>
 <o:File HRef="image051.jpg"/>
 <o:File HRef="image052.jpg"/>
 <o:File HRef="image053.jpg"/>
 <o:File HRef="image054.wmz"/>
 <o:File HRef="image055.gif"/>
 <o:File HRef="image056.wmz"/>
 <o:File HRef="image057.gif"/>
 <o:File HRef="image058.wmz"/>
 <o:File HRef="image059.gif"/>
 <o:File HRef="image060.wmz"/>
 <o:File HRef="image061.gif"/>
 <o:File HRef="image062.wmz"/>
 <o:File HRef="image063.gif"/>
 <o:File HRef="image064.png"/>
 <o:File HRef="image065.jpg"/>
 <o:File HRef="image066.png"/>
 <o:File HRef="image067.jpg"/>
 <o:File HRef="image068.wmz"/>
 <o:File HRef="image069.gif"/>
 <o:File HRef="image070.wmz"/>
 <o:File HRef="image071.gif"/>
 <o:File HRef="image072.wmz"/>
 <o:File HRef="image073.gif"/>
 <o:File HRef="image074.wmz"/>
 <o:File HRef="image075.gif"/>
 <o:File HRef="image076.wmz"/>
 <o:File HRef="image077.gif"/>
 <o:File HRef="image078.wmz"/>
 <o:File HRef="image079.gif"/>
 <o:File HRef="image080.wmz"/>
 <o:File HRef="image081.gif"/>
 <o:File HRef="image082.wmz"/>
 <o:File HRef="image083.gif"/>
 <o:File HRef="image084.wmz"/>
 <o:File HRef="image085.gif"/>
 <o:File HRef="image086.wmz"/>
 <o:File HRef="image087.gif"/>
 <o:File HRef="image088.jpg"/>
 <o:File HRef="image089.png"/>
 <o:File HRef="image090.jpg"/>
 <o:File HRef="header.htm"/>
 <o:File HRef="filelist.xml"/>
</xml>